道,11078
不,8882
一,7969
了,7752
那,7516
我,7224
是,6498
来,5994
他,5751
个,5704
行,5629
你,5522
的,5433
者,4989
有,4488
大,4230
得,3845
这,3807
上,3776
去,3699
见,3429
老,3412
人,3380
在,3360
三,3360
下,3044
子,2985
也,2945
僧,2858
里,2833
王,2714
天,2640
师,2622
之,2550
又,2499
着,2492
只,2490
说,2327
妖,2313
出,2296
八,2268
与,2238
头,2147
就,2093
此,2093
山,2060
却,2046
看,2039
儿,1993
将,1919
父,1896
好,1887
戒,1867
前,1839
门,1803
如,1802
无,1764
圣,1731
中,1717
把,1702
打,1647
身,1637
时,1623
藏,1602
等,1594
小,1583
怪,1556
么,1546
心,1471
到,1450
唐,1442
何,1442
怎,1426
叫,1424
们,1419
长,1394
要,1387
金,1377
日,1374
手,1367
知,1358
孙,1358
言,1323
回,1310
两,1300
正,1297
走,1291
十,1285
家,1282
生,1282
二,1245
还,1215
处,1207
住,1201
神,1191
众,1186
都,1182
弟,1177
声,1171
甚,1170
云,1151
马,1142
水,1125
沙,1109
方,1094
真,1092
今,1087
起,1077
空,1067
路,1063
风,1042
些,1042
精,1038
地,1033
四,1030
和,1023
教,1019
笑,1017
吃,1014
做,1000
即,993
听,991
可,987
自,979
多,978
为,968
拿,959
面,955
国,955
经,939
若,937
事,929
问,928
变,926
后,916
口,915
仙,909
过,908
开,906
西,903
果,889
相,888
然,879
魔,874
请,869
龙,867
闻,863
才,861
宝,855
且,847
取,838
尚,835
火,820
洞,816
当,813
年,798
菩,798
进,792
拜,789
萨,787
高,780
放,779
徒,775
至,768
分,767
佛,767
便,760
五,758
法,755
光,755
罢,753
莫,751
官,746
边,743
间,739
哩,737
花,727
敢,724
太,718
命,716
悟,715
曾,715
难,714
明,710
几,706
万,693
女,689
喜,689
往,688
外,684
千,683
会,680
本,679
猴,660
棒,648
东,645
公,640
被,629
名,628
坐,627
能,626
原,620
宫,620
气,610
早,608
入,606
作,602
使,597
倒,595
哥,588
乃,585
玉,583
兄,581
救,580
同,572
而,571
化,570
死,569
急,569
朝,567
般,565
爷,563
没,556
观,553
收,549
寻,549
再,546
用,545
念,539
百,535
土,535
径,528
定,527
齐,522
各,522
礼,521
意,516
先,515
主,514
话,513
白,509
似,506
物,503
但,502
战,502
海,501
星,499
眼,497
成,496
半,495
殿,495
解,492
对,492
想,491
安,490
动,488
以,487
城,485
因,485
衣,482
送,480
惊,477
转,476
兵,473
呆,471
性,469
尽,468
斗,465
谢,463
飞,458
君,458
已,456
内,456
香,456
快,451
满,445
铁,443
报,443
通,438
望,438
降,435
六,434
力,433
南,424
啊,418
更,418
斋,418
石,413
字,405
灵,404
怕,402
发,401
文,401
夜,399
月,399
近,398
随,396
认,391
数,388
忽,387
七,385
未,384
杀,384
跳,383
从,382
既,380
赶,379
九,376
少,376
帝,374
黄,372
须,370
故,369
弄,369
乱,368
迎,365
情,364
传,362
娘,361
样,361
落,360
善,357
待,355
亲,355
驾,354
向,352
合,352
虎,351
清,351
远,351
必,349
功,345
点,344
语,344
苦,342
直,340
管,340
红,340
慌,339
实,337
猪,337
色,336
暗,335
受,335
干,334
依,331
条,331
树,330
寺,330
母,328
象,324
求,324
接,324
音,323
俱,323
连,321
细,321
脱,321
于,320
旨,320
位,319
罗,319
喝,316
根,315
钯,315
脚,314
领,313
李,312
差,308
忙,308
睡,307
假,307
唤,306
嘴,306
恐,306
伤,305
卷,304
带,303
雨,303
奏,301
欢,301
酒,300
所,298
耳,297
立,297
河,294
鬼,293
刀,293
奉,293
毛,293
木,291
扯,289
步,289
贝,289
关,289
紧,287
毕,286
士,285
座,285
保,282
张,279
摇,279
阴,278
府,278
青,277
害,276
流,275
牛,274
留,274
抬,274
穿,272
饭,272
胜,272
罪,271
草,269
雷,268
恩,268
遂,267
扇,267
左,267
称,267
常,265
举,265
现,264
祖,263
休,263
界,262
呼,261
净,261
童,261
伏,261
世,260
重,260
归,259
脸,257
令,256
深,255
林,250
松,250
第,250
护,249
纵,246
轻,245
散,245
件,245
皆,244
丹,244
泼,243
双,243
理,242
丈,241
灯,241
指,241
排,241
破,240
场,240
撞,239
施,239
骂,238
顶,238
箍,238
应,237
楼,237
盘,236
别,235
捉,235
尊,234
许,234
阵,233
告,233
皇,232
平,232
全,231
右,231
修,231
雾,231
欲,229
容,228
古,228
遇,227
夫,227
器,227
虽,226
曰,226
响,226
引,225
贼,225
哭,224
御,224
肯,223
婆,223
晚,223
黑,222
计,221
阳,221
烧,221
旁,220
比,220
舍,219
其,219
离,218
觉,217
房,217
元,216
堂,216
皮,215
寿,214
轮,214
棍,214
彩,213
茶,213
绳,212
钻,211
怒,209
偷,208
银,208
台,208
复,207
活,207
强,207
臣,206
兢,206
凡,206
持,205
邪,205
凶,205
晓,203
消,203
　,202
杖,201
滚,200
恶,199
枪,199
宗,199
服,198
丢,197
讲,197
按,195
贫,195
信,194
翻,193
厮,193
咒,193
摆,193
烟,192
幌,192
诗,191
奈,191
锦,191
失,190
腰,190
药,190
忍,190
汉,190
唬,190
整,190
断,189
照,189
书,189
贤,188
泪,188
岁,188
识,188
首,186
久,185
思,184
答,184
跟,184
桃,183
饶,183
跑,181
崖,180
造,180
结,180
华,180
姓,180
推,179
担,179
玄,179
遍,179
武,179
题,178
禅,178
该,177
特,177
毫,176
叉,175
段,174
执,174
钉,173
退,173
筋,173
宿,172
败,171
壁,171
素,171
跪,171
谁,171
虚,171
群,170
魂,170
养,170
挂,170
威,170
陛,170
波,169
架,169
诸,168
端,168
争,168
蒙,168
让,168
层,168
广,167
布,167
模,166
索,166
掌,165
院,165
借,165
换,165
耍,164
尘,164
盖,164
凤,164
则,163
及,163
肉,162
号,162
跌,162
美,162
乐,162
愿,162
足,161
背,161
庄,160
牙,159
嚷,159
食,158
江,158
幸,158
列,158
包,158
部,158
并,157
岸,156
汝,156
裟,156
体,156
袈,155
恼,155
挑,155
厢,155
揭,154
交,154
侍,154
祥,153
递,153
呀,153
陈,153
亦,153
非,153
停,152
次,152
显,152
旧,151
腾,151
园,150
装,150
吾,149
胆,149
矣,149
飘,149
春,148
利,148
爱,148
昏,148
剑,148
涧,147
供,147
登,147
吹,146
闹,146
寒,146
慢,146
福,145
虫,145
闪,145
呵,144
哄,144
围,143
底,143
牵,143
胡,142
遭,142
骨,142
鼓,142
疼,141
招,141
塔,140
切,140
设,140
狮,139
番,139
诚,139
角,138
荡,137
妙,137
’,137
叩,137
奔,137
紫,136
朕,136
或,135
劳,135
恨,134
筑,134
钱,134
翠,134
低,133
助,133
野,133
擒,132
买,132
参,132
节,132
烦,132
顿,132
德,132
咐,131
孩,131
岭,131
息,131
掣,130
慈,130
宴,129
‘,129
抖,129
吩,129
鱼,129
油,128
悲,128
候,127
喷,127
目,127
柳,127
游,127
缘,127
止,126
扑,126
冷,126
舞,126
仔,126
锁,126
闲,125
客,125
绣,124
肚,124
霄,124
余,124
静,124
妇,122
甲,122
熟,122
竹,122
欺,122
岂,122
貌,122
北,122
守,122
形,122
饮,122
量,121
章,121
睛,121
郎,121
笼,121
逢,121
丑,121
亭,120
叶,120
阁,120
帅,119
爬,119
碎,119
感,119
雄,119
度,118
辞,118
除,118
痛,118
军,118
短,117
灭,117
迟,117
提,116
妻,116
班,116
捻,116
怜,116
绝,116
刚,116
启,116
躲,116
论,116
沉,115
灾,115
卖,115
珠,115
踏,115
焰,114
祸,114
桥,114
共,114
驮,114
梦,114
冲,114
影,113
宣,113
新,113
束,113
匹,113
备,113
炼,113
摸,113
托,112
歇,112
兽,112
牌,112
瓶,111
莲,111
丝,111
渐,111
反,111
员,111
洗,111
景,111
竟,110
粗,110
蒸,110
池,110
献,110
期,109
狼,109
峰,109
亏,109
披,109
钦,108
芦,108
赐,107
表,107
势,107
缠,107
井,106
遮,106
孤,106
极,106
砍,105
坡,105
赌,105
顾,105
治,105
辰,105
趁,105
惧,105
血,105
扫,105
敌,104
雪,104
拾,104
疑,104
怀,104
浪,104
磕,104
咬,104
刹,104
喊,104
证,104
居,104
赴,103
旗,103
蓬,103
劈,103
顺,103
霞,103
:,103
醒,102
病,102
伸,102
隐,102
铺,102
鹿,102
句,102
帘,101
展,101
逃,101
记,101
微,101
朵,101
昨,101
猿,100
毒,100
钢,100
街,100
拔,99
医,99
捆,99
找,99
男,99
块,99
吊,99
幽,98
乌,98
软,98
袖,98
杯,98
调,98
司,98
鼻,97
折,97
宽,97
枝,97
学,97
炉,97
伙,97
压,97
扶,97
锅,97
查,96
胎,96
铃,96
赤,95
洲,95
赛,95
决,95
算,95
民,94
奇,94
垂,94
投,94
诀,94
摄,94
船,94
凭,93
亮,93
抛,93
狂,93
浑,93
初,93
孽,93
羊,93
躬,93
搭,93
临,92
汤,92
猛,92
温,92
露,92
济,92
丞,92
程,92
铜,91
陪,91
俗,91
绕,91
错,91
奘,91
英,91
扬,91
尖,91
每,90
谛,90
纷,90
葫,90
异,90
粉,90
秋,90
搀,89
驿,89
鸟,89
泉,89
拥,89
遥,89
碗,88
撒,88
席,88
米,88
娇,87
歹,87
啼,87
吒,87
哪,87
彀,87
州,87
苍,87
良,86
封,86
巡,86
丁,86
替,86
吟,86
畜,86
拽,86
瞒,85
鸡,85
哉,85
升,84
鸣,84
洪,84
滴,84
站,84
坏,84
写,83
悄,83
梁,83
值,83
独,83
森,83
倚,83
仇,83
承,83
幼,83
闭,83
拳,82
盛,82
皈,82
巧,82
戴,82
妈,82
密,82
樵,82
蓝,81
片,81
锋,81
讨,81
捧,81
负,80
顽,80
致,80
秀,80
尺,80
团,80
瑞,80
乘,80
户,80
蛇,80
环,79
愁,79
钟,79
谈,79
绿,79
唱,79
尸,79
齿,78
兴,78
任,78
圆,78
误,78
寡,78
尾,78
夺,78
麻,78
阎,78
品,77
床,77
郡,77
渡,77
蕊,77
抢,77
村,77
7,76
监,76
狠,76
厉,76
略,76
阿,76
车,76
永,76
朱,75
冰,75
辨,75
馆,75
财,75
适,75
绑,74
簇,74
伯,74
征,74
挣,74
睁,74
采,74
碧,74
刘,74
稳,74
臾,73
敬,73
柴,73
禁,73
耶,73
叙,73
眉,73
藤,73
类,73
桌,72
刺,72
钵,72
种,72
味,72
拖,72
热,72
混,72
访,72
盏,72
摩,72
阶,72
鹤,71
周,71
易,71
避,71
曹,71
免,71
腹,71
谨,71
艳,71
勒,71
抵,70
搅,70
忘,70
辟,70
漫,70
镇,70
磨,70
状,70
宇,70
胸,70
困,70
阻,69
寇,69
劝,69
加,69
筵,69
惟,69
办,69
攒,69
挡,69
吆,69
剥,68
忧,68
奶,68
吉,68
专,68
翅,68
判,68
途,68
残,67
踪,67
冠,67
姐,67
悬,67
终,67
柜,67
横,67
聚,67
机,67
运,67
浮,67
积,67
贵,66
改,66
喏,66
累,66
抱,66
完,66
廊,66
存,66
敲,66
芭,66
瑶,65
羞,65
亡,65
叹,65
乡,65
越,65
怨,65
窝,65
伽,65
历,65
梅,65
蟠,64
选,64
斧,64
驸,64
禽,64
妆,64
辈,64
顷,64
昂,64
针,64
田,64
普,64
迷,64
蕉,63
袱,63
拱,63
配,63
刻,63
透,63
试,63
菜,63
巴,63
弥,63
兔,63
拴,63
总,63
迭,62
乾,62
袍,62
孔,62
映,62
脑,62
盗,62
妃,62
货,61
寸,61
犯,61
套,61
揪,61
抓,61
懒,61
烂,61
劫,61
勾,61
寂,61
图,60
赏,60
营,60
猢,60
豹,60
迹,60
珍,60
添,60
饥,60
盂,60
返,60
料,60
鞭,60
屏,59
抽,59
由,59
演,59
吞,59
险,59
颜,59
纸,59
榜,59
电,59
喇,59
钩,58
遵,58
稀,58
乎,58
项,58
忒,58
费,58
轿,58
墙,58
拐,58
刮,58
夸,58
狲,58
帽,58
境,58
鞋,58
巍,57
工,57
祭,57
妹,57
狐,57
堪,57
屋,57
饱,57
窗,57
辛,57
帖,57
辉,57
8,57
案,57
拦,57
兜,57
圈,57
坤,56
恕,56
追,56
始,56
厅,56
冤,56
壮,56
商,56
愚,56
鹰,56
抹,56
吐,56
裙,56
丛,56
挺,56
斩,56
肠,55
饿,55
损,55
枯,55
6,55
曲,55
舌,55
惹,55
贴,55
尉,55
瓜,55
堆,55
銮,55
弼,55
贺,55
吓,54
佳,54
店,54
陀,54
峻,54
霜,54
冒,54
灼,54
网,54
丘,54
穷,54
溜,54
搬,54
板,54
凉,54
荒,54
娥,53
柄,53
宁,53
骗,53
魄,53
欠,53
插,53
庙,53
振,53
硬,53
埋,53
捏,53
淋,53
占,53
牒,53
业,53
画,53
享,53
甘,52
欣,52
延,52
餐,52
约,52
焦,52
喧,52
魏,52
代,52
缚,52
勿,52
贪,52
鞍,52
倘,52
柱,51
市,51
淡,51
瓦,51
禄,51
肩,51
撑,51
锺,51
偏,51
简,51
昼,51
泥,51
叮,51
骑,51
丧,51
移,50
赢,50
迸,50
罩,50
宵,50
扭,50
帐,50
智,50
系,50
洋,50
友,50
烈,50
凹,50
斤,49
坠,49
撇,49
超,49
囊,49
股,49
携,49
谓,49
犹,49
阔,49
哈,49
夯,49
载,48
省,48
杨,48
阙,48
凌,48
岩,48
鼋,48
戏,48
防,48
歌,48
诵,48
县,48
挨,48
闯,48
弓,47
最,47
捣,47
盈,47
捞,47
邦,47
较,47
义,47
逐,47
哼,47
俊,46
侯,46
摘,46
拈,46
仰,46
玩,46
翁,46
私,46
敖,46
押,46
寝,46
攀,46
柏,46
枉,45
输,45
乖,45
闷,45
虑,45
拉,45
箭,45
准,45
召,45
裰,45
晦,45
牢,45
含,45
狱,45
焚,44
获,44
扛,44
煮,44
婿,44
探,44
荤,44
庭,44
健,44
尝,44
具,44
午,44
疾,44
唿,44
遣,43
谷,43
竺,43
烘,43
霭,43
爪,43
漆,43
乞,43
锡,43
己,43
卿,43
坚,43
猜,43
冬,43
腮,42
酬,42
砂,42
D,42
扮,42
线,42
吼,42
霎,42
冥,42
烛,42
讯,42
孝,42
哀,42
犬,42
建,42
纳,42
支,41
渔,41
雕,41
侧,41
渺,41
宅,41
倾,41
志,41
擞,41
惠,41
衙,41
盆,41
怠,41
斜,41
窟,41
严,41
术,41
努,41
颗,41
授,41
兰,40
捽,40
腿,40
鲜,40
富,40
丽,40
否,40
氏,40
蹄,40
艺,40
履,40
宰,40
浆,40
视,40
彻,40
肝,39
悚,39
匣,39
集,39
鳞,39
刁,39
嫂,39
杂,39
擅,39
荆,39
鸾,39
惨,39
拘,39
渴,39
鹅,39
獐,39
绰,39
权,39
污,39
敕,39
浓,39
塞,39
咦,39
殷,39
脉,38
丰,38
桩,38
彼,38
暖,38
秉,38
馍,38
岳,38
掀,38
潜,38
锤,38
巨,38
灰,38
坛,38
滑,38
仍,38
谋,38
凄,37
议,37
蟹,37
产,37
纪,37
嘤,37
付,37
巢,37
煎,37
嫌,37
扳,37
嗔,37
株,37
泰,37
痴,37
削,37
词,37
犀,36
戟,36
掩,36
弃,36
祝,36
擎,36
贬,36
壶,36
粮,36
朗,36
龟,36
嘻,36
单,36
诳,36
浅,36
赞,36
袋,36
洒,36
皂,36
示,36
默,36
锣,36
搜,36
1,36
释,35
毗,35
绵,35
5,35
纱,35
丫,35
帮,35
际,35
厚,35
旋,35
仪,35
源,35
球,35
暴,35
雀,35
唇,35
贯,35
庶,35
注,35
奴,35
逞,35
俯,35
裹,35
隔,35
虾,34
恭,34
夏,34
凝,34
典,34
梢,34
粒,34
庆,34
耐,34
催,34
璃,34
巾,34
穴,34
拂,34
汪,34
噫,34
浴,34
漠,34
堕,34
衔,34
剪,34
诉,34
簿,34
拨,34
川,33
印,33
讫,33
饼,33
策,33
怯,33
弹,33
竖,33
校,33
豪,33
砖,33
职,33
卫,33
掼,33
竿,33
崔,33
邀,33
缰,33
嫔,33
仗,33
斟,33
漏,33
勤,33
檐,33
况,33
属,33
—,32
0,32
衬,32
咽,32
零,32
勇,32
僮,32
像,32
臂,32
杵,32
刷,32
邻,32
笔,32
溪,32
史,32
赖,32
叔,32
芳,32
撺,32
赡,31
攻,31
躯,31
扎,31
仁,31
窍,31
违,31
庵,31
鬓,31
拙,31
薄,31
缓,31
卧,31
达,31
踢,31
愈,31
耀,31
谎,31
扣,31
拆,30
茫,30
蹲,30
吸,30
丸,30
陷,30
逼,30
惫,30
割,30
鼍,30
逍,30
躧,30
棘,30
雅,30
埃,30
斯,30
耸,30
熬,30
旌,30
赦,30
祷,30
斑,30
绦,30
伶,30
眠,30
叨,30
鸦,30
律,29
冻,29
*,29
蜜,29
蟒,29
3,29
夹,29
姿,29
萝,29
缝,29
葛,29
涯,29
嫩,29
镜,29
舒,29
疏,29
潺,29
截,29
剖,29
陡,29
侵,29
卦,29
制,29
荣,29
铙,29
格,29
芝,29
检,29
9,29
4,29
蝇,29
盔,29
噙,29
涌,29
置,29
颈,28
哨,28
篷,28
缸,28
驼,28
染,28
熊,28
尼,28
傲,28
晴,28
札,28
垢,28
匠,28
衫,28
杏,28
给,28
狸,28
偶,28
固,28
羽,28
潭,28
琼,28
蝉,28
挽,28
曜,28
辇,28
乒,28
暑,27
晶,27
陋,27
黎,27
晒,27
幢,27
壑,27
坊,27
郁,27
擂,27
絮,27
副,27
速,27
激,27
率,27
梆,27
凛,27
促,27
撮,27
跨,27
屈,27
咄,27
颠,27
鲁,27
验,27
叟,27
播,27
徐,27
宜,27
2,27
润,26
符,26
弯,26
蛟,26
泄,26
补,26
厨,26
砌,26
捎,26
察,26
刃,26
扢,26
虔,26
灶,26
贱,26
械,26
社,26
邓,26
夷,26
慧,26
栏,26
跃,26
惶,26
派,26
婚,26
脊,26
瘦,26
豆,26
幡,26
族,26
悠,26
舟,26
酥,26
障,26
燥,25
弱,25
碍,25
靴,25
纠,25
妨,25
蹬,25
湾,25
杆,25
爽,25
觅,25
突,25
乓,25
醉,25
吵,25
楚,25
滔,25
朋,25
刑,25
迦,25
膊,25
捶,25
眷,25
飕,25
哮,24
祈,24
椅,24
雁,24
委,24
祇,24
灌,24
鲤,24
朦,24
价,24
昆,24
挝,24
涉,24
哑,24
缩,24
惜,24
敛,24
．,24
枣,24
檀,24
婴,24
汗,24
湖,24
痒,24
戈,24
昧,24
峨,24
鼠,23
额,23
篮,23
傩,23
揣,23
潇,23
基,23
脓,23
扰,23
蜂,23
擦,23
苏,23
飒,23
辔,23
辘,23
掬,23
狗,23
靠,23
核,23
聒,23
琉,23
沾,23
萧,23
胖,23
捱,23
倦,23
俐,23
妄,23
伴,23
嚼,23
击,23
爹,23
款,23
髻,22
剿,22
岛,22
澄,22
襕,22
沐,22
窿,22
习,22
剁,22
亚,22
栽,22
概,22
毂,22
罕,22
笋,22
限,22
悦,22
伺,22
潮,22
舅,22
诈,22
贞,22
务,22
遗,22
磬,22
誓,22
读,22
桶,22
搠,22
…,22
轩,22
缕,21
峥,21
哗,21
嵘,21
玲,21
材,21
噪,21
拄,21
惑,21
诛,21
预,21
馥,21
区,21
另,21
绒,21
充,21
秤,21
育,21
煌,21
蔼,21
衰,21
猎,21
巅,21
铲,21
歪,21
审,21
姻,21
裂,21
茅,21
搧,21
臭,20
燕,20
乙,20
酱,20
鳖,20
奖,20
联,20
暂,20
捕,20
婢,20
弦,20
侮,20
珑,20
绫,20
殊,20
域,20
膳,20
喘,20
棋,20
秽,20
忠,20
鳜,20
挟,20
磷,20
雌,20
酸,20
申,20
塌,20
帚,20
胧,20
洁,20
昔,20
悯,20
裳,20
呐,19
肥,19
诺,19
卒,19
晃,19
瞻,19
榻,19
竭,19
遁,19
芽,19
莱,19
抟,19
窄,19
脏,19
秦,19
崩,19
缥,19
隍,19
肴,19
瑀,19
糊,19
赚,19
祠,19
惯,19
射,19
蒲,19
皘,19
盼,19
灿,19
晌,19
巽,19
宙,19
鹊,19
墨,19
科,19
尿,19
悔,19
恋,19
谐,18
钓,18
规,18
澡,18
拢,18
竞,18
杰,18
稍,18
熏,18
患,18
吏,18
耽,18
缈,18
苔,18
诏,18
炮,18
浸,18
据,18
脂,18
趣,18
危,18
蟟,18
蜻,18
泾,18
蟭,18
库,18
泛,18
荷,18
韵,18
庚,18
栖,18
录,18
恳,18
编,18
勘,18
喂,18
啸,18
盹,18
坑,17
控,17
锐,17
剃,17
喉,17
凳,17
臊,17
麟,17
允,17
滩,17
党,17
茂,17
滞,17
沿,17
呢,17
荫,17
卯,17
拯,17
缨,17
钺,17
圭,17
陆,17
廷,17
措,17
增,17
沌,17
淬,17
腥,17
谦,17
嘘,17
傍,17
瓣,17
炎,17
秃,17
骸,17
暮,17
裁,17
艰,17
唵,17
皎,17
缴,17
淫,17
渊,17
轰,17
央,17
凑,17
俏,17
骷,17
枕,17
甜,17
烹,17
皱,16
陵,16
喨,16
剔,16
屠,16
髅,16
鬟,16
麒,16
哏,16
佯,16
栋,16
仆,16
克,16
队,16
唏,16
梳,16
乍,16
腔,16
奎,16
滋,16
腐,16
褊,16
苗,16
逆,16
腻,16
孜,16
寄,16
唳,16
优,16
绽,16
屡,16
瀛,16
盐,16
篇,16
鬃,16
伐,16
钗,16
详,16
织,16
旱,16
痕,16
渰,16
霓,16
卵,16
卜,16
乔,16
罡,16
揖,16
附,16
资,16
糖,16
膝,16
跷,15
魅,15
峦,15
挫,15
操,15
蔬,15
窃,15
蜓,15
壳,15
囫,15
鹏,15
触,15
尔,15
鹦,15
浩,15
诲,15
颂,15
贩,15
津,15
腌,15
辖,15
蝶,15
绊,15
囵,15
獠,15
靛,15
毁,15
搂,15
袄,15
炒,15
卢,15
揉,15
维,15
哝,15
赃,15
淘,15
介,15
桧,14
崎,14
糕,14
铸,14
睬,14
猖,14
琢,14
忆,14
戚,14
饰,14
恰,14
康,14
芒,14
媒,14
颇,14
京,14
嗟,14
浇,14
贡,14
毡,14
瞌,14
棺,14
坟,14
涎,14
室,14
聊,14
燎,14
榴,14
猕,14
鉴,14
湿,14
膏,14
禀,14
嘱,14
辣,14
渎,14
虹,14
冉,14
揝,14
彪,14
辱,14
侄,14
朔,14
笙,14
趱,14
瘟,14
骁,14
绩,14
寅,14
炭,14
袭,13
槛,13
蘸,13
乳,13
肃,13
辅,13
愧,13
嵌,13
坎,13
垣,13
厄,13
岖,13
篁,13
琵,13
馕,13
姑,13
妪,13
赵,13
询,13
蛛,13
液,13
涤,13
惭,13
梨,13
拣,13
-,13
桂,13
挤,13
鼎,13
垓,13
销,13
昴,13
锯,13
迅,13
妾,13
谬,13
琶,13
浊,13
巳,13
剩,13
觌,13
嘉,13
溺,13
篱,13
叆,13
髯,13
泽,13
糟,13
劣,13
踵,13
蛾,13
梭,13
墩,13
卉,13
诱,13
揩,13
猩,13
蚁,13
愆,13
衲,13
谒,13
晕,12
耕,12
槃,12
锉,12
猱,12
鄙,12
鼾,12
昭,12
狡,12
慎,12
佑,12
陶,12
弘,12
掐,12
奸,12
濯,12
桑,12
绛,12
碌,12
填,12
纤,12
沟,12
频,12
缤,12
啯,12
磁,12
苫,12
纯,12
搓,12
仑,12
卸,12
摧,12
鸿,12
碑,12
苑,12
描,12
契,12
舀,12
挥,12
罄,12
剜,12
匾,12
柿,12
甥,12
籍,12
枚,12
聋,12
啃,12
标,12
矮,12
柯,12
涛,12
益,12
蓼,12
嵯,12
柔,12
胁,12
稷,12
馀,12
褪,12
腊,12
棂,11
杜,11
僻,11
仓,11
匝,11
奋,11
苟,11
泡,11
祛,11
霹,11
堤,11
爆,11
敝,11
寨,11
咤,11
雳,11
牲,11
伦,11
龄,11
搁,11
瑙,11
槐,11
蹈,11
琴,11
级,11
融,11
馐,11
猫,11
酌,11
垒,11
趋,11
怡,11
罐,11
兕,11
菊,11
爵,11
棹,11
簪,11
琪,11
蛮,11
胀,11
襟,11
缺,11
藜,11
肢,11
夭,11
锭,11
沼,11
菲,11
蹡,11
涨,11
掳,11
嫦,11
肿,11
扉,11
撩,11
弩,11
玛,11
樱,11
躁,11
蹊,11
塘,11
勉,11
继,11
诊,11
嘛,11
凿,11
骋,11
绮,11
旅,11
麦,11
均,11
扁,11
旷,11
羡,11
迓,11
责,11
籁,11
叱,11
獬,11
枷,10
赭,10
幔,10
汞,10
忖,10
畔,10
局,10
斓,10
课,10
梯,10
瓢,10
迍,10
挈,10
纲,10
迢,10
蜘,10
统,10
络,10
迁,10
犴,10
藓,10
拷,10
呜,10
葱,10
胭,10
鲇,10
粘,10
珪,10
凋,10
酉,10
矗,10
蚕,10
末,10
雏,10
箫,10
棱,10
幅,10
熌,10
繁,10
翩,10
帛,10
博,10
椰,10
荐,10
蜡,10
废,10
惰,10
猊,10
涓,10
鸳,10
淅,10
呻,10
咛,10
翘,10
拚,10
筏,10
减,10
萄,10
筛,10
麂,10
醋,10
撼,10
掷,10
碓,10
翎,10
练,10
宾,10
隆,10
玻,10
觑,10
癞,10
倏,10
伞,10
啄,10
焉,10
震,10
梃,10
援,10
槽,10
讶,10
湛,10
倍,10
糙,10
蠢,10
肌,10
钹,10
娆,9
珮,9
辄,9
菇,9
窑,9
缭,9
虱,9
跄,9
煅,9
芙,9
态,9
魍,9
著,9
牡,9
桓,9
朽,9
妒,9
敧,9
噹,9
咳,9
狻,9
搪,9
魉,9
蕙,9
屁,9
蔽,9
闰,9
巷,9
偿,9
哽,9
蓉,9
阐,9
槌,9
稽,9
厘,9
鳌,9
莎,9
佐,9
芥,9
骡,9
稻,9
飖,9
蹭,9
嫁,9
烬,9
酣,9
妍,9
亢,9
唧,9
梧,9
氛,9
劲,9
蔓,9
馒,9
踊,9
碣,9
郭,9
屯,9
蒿,9
吝,9
馨,9
噤,9
葡,9
睹,9
沫,9
氲,9
泣,9
薜,9
墀,9
鹭,9
禹,9
晏,9
莺,9
煞,9
踉,9
棵,9
颓,9
掠,9
寞,9
棕,9
绡,9
沦,9
挠,9
篾,9
训,9
藕,9
笠,9
铠,9
芍,9
翡,9
筹,9
馅,8
忏,8
农,8
鹫,8
媚,8
萤,8
裆,8
凰,8
棠,8
躘,8
袅,8
钞,8
衢,8
灞,8
抄,8
剐,8
匙,8
粥,8
续,8
瓮,8
桠,8
刽,8
逊,8
镌,8
骇,8
柬,8
汁,8
厌,8
恁,8
纹,8
揌,8
珊,8
睮,8
钳,8
庞,8
兀,8
孕,8
箕,8
懈,8
序,8
怆,8
肆,8
佇,8
剌,8
驯,8
肺,8
晨,8
沧,8
督,8
债,8
亿,8
逻,8
绞,8
陌,8
髓,8
蘑,8
蛰,8
馔,8
喳,8
讳,8
杳,8
侣,8
偎,8
慨,8
嗳,8
逸,8
嘶,8
赘,8
辆,8
祟,8
奥,8
狢,8
骏,8
创,8
撤,8
彘,8
塑,8
测,8
氅,8
季,8
莽,8
姹,8
栗,8
唾,8
皓,8
袁,8
谅,8
亥,8
咋,8
骤,8
亘,8
腑,8
箱,8
挪,7
【,7
殃,7
瑚,7
祐,7
赍,7
槎,7
葬,7
政,7
舜,7
酆,7
岫,7
夕,7
挎,7
啐,7
糠,7
邱,7
鹂,7
淮,7
绢,7
娑,7
葩,7
沽,7
涕,7
瞑,7
瀑,7
觥,7
翰,7
淌,7
搴,7
叵,7
】,7
篆,7
鸭,7
抚,7
蜢,7
奕,7
畅,7
娜,7
掯,7
牟,7
螃,7
聪,7
覆,7
烁,7
鸯,7
颤,7
导,7
醮,7
羁,7
麋,7
袜,7
铅,7
禾,7
崇,7
暇,7
恍,7
黛,7
效,7
驴,7
碾,7
栈,7
仅,7
批,7
皿,7
吠,7
驱,7
拍,7
窖,7
囟,7
枫,7
姚,7
砚,7
鹞,7
蝎,7
菁,7
颔,7
钧,7
质,7
姆,7
嶂,7
旦,7
虞,7
辕,7
豕,7
秘,7
氤,7
淙,7
茵,7
串,7
涅,7
檄,7
挞,7
箓,7
循,7
敞,7
俸,7
狈,7
览,7
楞,7
偈,7
笤,7
兮,7
绪,7
耻,7
畏,7
弈,7
墓,7
咙,7
忿,7
涂,7
椒,7
诃,7
姨,7
塵,7
劖,7
帕,7
鸥,6
赠,6
罔,6
嘈,6
衡,6
魇,6
茸,6
邅,6
忌,6
垛,6
彤,6
锻,6
誉,6
泱,6
徵,6
掮,6
舆,6
缆,6
扒,6
獗,6
寐,6
裘,6
耿,6
践,6
忤,6
究,6
蚊,6
翼,6
荧,6
酿,6
蒜,6
估,6
薪,6
盒,6
迥,6
嫉,6
韩,6
胞,6
漱,6
疲,6
亩,6
赁,6
宦,6
觔,6
蚣,6
谤,6
堵,6
葵,6
屑,6
嚏,6
艮,6
芋,6
铎,6
姊,6
叠,6
叇,6
鬣,6
俟,6
谣,6
蜈,6
贾,6
膂,6
傅,6
痨,6
霆,6
怖,6
篙,6
麝,6
抗,6
捍,6
嚎,6
漓,6
嘹,6
罴,6
瘴,6
蚂,6
腕,6
蜃,6
捡,6
旃,6
軃,6
瑕,6
帏,6
煨,6
姜,6
哂,6
胃,6
栊,6
箸,6
罚,6
伪,6
缃,6
肤,6
獾,6
睦,6
迈,6
谕,6
咆,6
胯,6
菱,6
佩,6
狞,6
吕,6
荔,6
梵,6
募,6
疴,6
役,6
懂,6
犺,6
划,6
淹,6
奠,6
咨,6
蓑,6
沥,6
峭,6
裤,6
哺,6
惩,6
钥,6
锄,6
蝼,6
攥,6
臻,6
艾,6
嚣,6
嗛,6
瑜,5
聆,5
媳,5
萼,5
醪,5
瑁,5
圜,5
唆,5
哦,5
膛,5
魁,5
虼,5
殄,5
窕,5
蟾,5
澜,5
餂,5
屎,5
疆,5
汲,5
觞,5
搽,5
穹,5
矩,5
魑,5
戗,5
扠,5
砑,5
啭,5
吴,5
蠙,5
啕,5
跋,5
翔,5
尧,5
椿,5
庸,5
呈,5
艇,5
犼,5
尤,5
坂,5
懊,5
魀,5
蝴,5
脯,5
纬,5
馁,5
萦,5
儒,5
橙,5
缢,5
攸,5
廉,5
涩,5
囔,5
戌,5
蕈,5
饵,5
簸,5
庑,5
蚤,5
锈,5
隅,5
兹,5
绷,5
冗,5
脐,5
嶒,5
幕,5
琥,5
韬,5
椽,5
呖,5
伟,5
奁,5
脾,5
珀,5
卑,5
考,5
镫,5
咸,5
庖,5
轳,5
滂,5
兆,5
坦,5
讽,5
躇,5
恃,5
镶,5
湲,5
贻,5
讹,5
樗,5
厦,5
枒,5
痖,5
燃,5
溅,5
踌,5
豸,5
秾,5
诣,5
卺,5
仿,5
楮,5
牧,5
版,5
煼,5
缎,5
貂,5
隙,5
协,5
慕,5
玳,5
旺,5
囚,5
储,5
娶,5
肐,5
厂,5
偃,5
瞎,5
诬,5
蜀,5
鹃,5
伫,5
耗,5
祀,5
匀,5
衾,5
绶,5
驰,5
渭,5
沱,5
敷,4
崒,4
恤,4
胄,4
牖,4
郊,4
懵,4
植,4
诞,4
仃,4
蛭,4
饯,4
螺,4
戳,4
榛,4
吽,4
杓,4
馋,4
赋,4
虐,4
鯾,4
拒,4
榔,4
纭,4
届,4
窈,4
娉,4
忝,4
汹,4
择,4
藐,4
捋,4
恒,4
蘋,4
薛,4
楫,4
荠,4
掘,4
蒂,4
懞,4
鹧,4
萌,4
哇,4
婷,4
酪,4
拑,4
翳,4
脆,4
僵,4
宥,4
函,4
犊,4
嗅,4
宠,4
靖,4
租,4
磊,4
摺,4
希,4
嵂,4
崚,4
羸,4
缁,4
玷,4
烨,4
瑟,4
舂,4
闺,4
爻,4
疥,4
焃,4
辩,4
韂,4
纻,4
阇,4
狭,4
桅,4
黍,4
轴,4
哜,4
腆,4
衕,4
孟,4
粱,4
姬,4
廓,4
颖,4
娃,4
秧,4
宋,4
悭,4
鐏,4
矛,4
凯,4
桨,4
樽,4
蹙,4
曳,4
蹉,4
溟,4
禳,4
捐,4
荼,4
霸,4
皤,4
娱,4
窜,4
涸,4
楠,4
耙,4
纽,4
雉,4
谜,4
昌,4
梓,4
炊,4
伊,4
峪,4
痰,4
坯,4
穗,4
碟,4
晋,4
醴,4
漾,4
鲌,4
苓,4
睆,4
谙,4
鸪,4
雇,4
肱,4
湘,4
朴,4
悉,4
笛,4
挜,4
缉,4
弊,4
嗽,4
鲸,4
叭,4
枢,4
匡,4
娄,4
锟,4
岚,4
糜,4
骢,4
楷,4
搔,4
尻,4
幻,4
纶,4
鹉,4
矬,4
榆,4
晤,4
跤,4
薇,4
蜍,4
掭,4
芹,4
蒺,4
戮,4
阆,4
霖,4
踞,3
窠,3
吅,3
拌,3
咂,3
饧,3
敦,3
冢,3
驻,3
褒,3
贮,3
蛙,3
浦,3
俺,3
淄,3
笊,3
镰,3
茔,3
伍,3
粪,3
悖,3
嬝,3
唣,3
菾,3
咏,3
煤,3
箝,3
煠,3
式,3
髽,3
徉,3
蓏,3
蜇,3
魈,3
樊,3
疯,3
曼,3
蛤,3
瞅,3
豝,3
炷,3
傞,3
钤,3
揲,3
尪,3
泻,3
圃,3
槁,3
惴,3
堑,3
蘼,3
笃,3
祯,3
藻,3
裔,3
例,3
棚,3
屉,3
蟆,3
筐,3
纥,3
蛋,3
惚,3
寓,3
阅,3
啅,3
骘,3
卞,3
湍,3
唯,3
赊,3
够,3
茉,3
〕,3
恙,3
盲,3
熄,3
糯,3
箬,3
眸,3
遐,3
尴,3
豺,3
庇,3
吁,3
咿,3
槿,3
宪,3
桐,3
鳷,3
卮,3
鴏,3
绸,3
址,3
稼,3
狨,3
鱑,3
芰,3
晾,3
圯,3
旄,3
什,3
泊,3
茧,3
骊,3
赔,3
虬,3
掇,3
宛,3
恣,3
屹,3
笏,3
勣,3
涵,3
砧,3
庐,3
颅,3
羹,3
臀,3
鲭,3
寰,3
恓,3
沸,3
航,3
卤,3
紊,3
鋘,3
疙,3
〔,3
蠃,3
谯,3
窥,3
旬,3
范,3
喃,3
蹼,3
蔷,3
钿,3
鐄,3
簌,3
暨,3
牯,3
檎,3
鞘,3
媾,3
茯,3
鹚,3
茭,3
拗,3
岱,3
筒,3
苇,3
扆,3
峤,3
汀,3
孀,3
缀,3
蓍,3
忻,3
茄,3
挦,3
抉,3
缪,3
堡,3
亵,3
巩,3
攘,3
钝,3
榧,3
鸨,3
纺,3
髭,3
荜,3
牺,3
轸,3
掏,3
倨,3
揾,3
衠,3
璧,3
硝,3
侥,3
悴,3
嗒,3
仞,3
杠,3
咎,3
揸,3
枭,3
括,3
泯,3
骝,3
晖,3
隶,3
谗,3
俚,3
肖,3
狔,3
瑰,3
鞠,3
鲮,3
仵,3
闱,3
矢,3
徭,3
抠,3
挛,3
鸶,3
垫,3
诘,3
靦,3
沁,3
萏,3
兼,3
需,3
菡,3
骆,3
誊,3
瓯,3
瞧,3
荻,3
稚,3
蕖,2
酩,2
驷,2
嗤,2
酕,2
腭,2
旻,2
烫,2
呦,2
锥,2
握,2
谆,2
溶,2
翱,2
骈,2
炳,2
毯,2
铛,2
缟,2
齁,2
鲈,2
笞,2
舔,2
膜,2
阖,2
厕,2
丙,2
柰,2
巉,2
淳,2
斫,2
诡,2
拶,2
枇,2
蚓,2
簧,2
虀,2
眙,2
嫡,2
逶,2
卓,2
跬,2
瀼,2
潠,2
杲,2
痈,2
陕,2
拭,2
诓,2
搲,2
谄,2
董,2
颏,2
呕,2
翕,2
猥,2
玎,2
绍,2
疤,2
熯,2
趄,2
蜗,2
橄,2
狰,2
蚌,2
殓,2
畦,2
挖,2
翮,2
箪,2
竦,2
俦,2
痊,2
唉,2
轧,2
獝,2
穰,2
媸,2
鲊,2
棬,2
骦,2
晡,2
癫,2
链,2
嫱,2
掂,2
罍,2
鲨,2
佞,2
猷,2
淤,2
蕃,2
膻,2
铭,2
遏,2
孰,2
洼,2
匆,2
瓠,2
贰,2
浼,2
睺,2
票,2
娲,2
滥,2
耘,2
褶,2
鏖,2
嘎,2
瞥,2
泗,2
镯,2
噇,2
漕,2
譬,2
伉,2
噀,2
讴,2
鲲,2
培,2
熳,2
闸,2
枰,2
刨,2
橘,2
辍,2
齑,2
熙,2
霏,2
酷,2
柮,2
炽,2
缯,2
劬,2
觜,2
狤,2
赥,2
啻,2
箨,2
爊,2
恹,2
遨,2
犭,2
鳅,2
咇,2
赓,2
槅,2
[,2
苹,2
奢,2
掉,2
殖,2
靿,2
婵,2
噬,2
粟,2
岗,2
醐,2
蹅,2
殡,2
眺,2
爇,2
哃,2
壅,2
某,2
],2
赎,2
冕,2
订,2
玫,2
鍪,2
嘬,2
齆,2
肋,2
憔,2
磴,2
骅,2
桔,2
倩,2
貉,2
谪,2
嗉,2
箔,2
箧,2
很,2
菔,2
黯,2
镔,2
苋,2
搊,2
芤,2
砥,2
珰,2
仲,2
钮,2
帔,2
榄,2
娟,2
惺,2
笄,2
嬉,2
稠,2
嗓,2
饷,2
杷,2
酲,2
裸,2
絯,2
羔,2
縺,2
懿,2
蛩,2
怅,2
佣,2
荞,2
盟,2
绔,2
僽,2
颁,2
傻,2
俭,2
彰,2
禺,2
迫,2
畿,2
绚,2
灒,2
芊,2
驹,2
锢,2
詈,2
谱,2
酡,2
渗,2
鞑,2
鲥,2
娼,2
遽,2
駔,2
醍,2
篓,2
筮,2
铊,2
谶,2
哲,2
肘,2
榾,2
褴,2
漉,2
敏,2
檠,2
貔,2
栓,2
蛀,2
郑,2
葭,2
藿,2
虏,2
谏,2
渍,2
昙,2
姮,2
涝,2
湅,2
蒭,2
琅,2
爨,2
Q,2
犒,2
帷,2
裩,2
衷,2
睖,2
睳,2
羚,2
盱,2
烙,2
蒹,2
券,2
姢,2
欷,2
咀,2
疮,2
阊,2
嗣,2
澌,2
刬,2
燧,2
勋,2
乜,2
剂,2
倈,2
騂,2
骕,2
裀,2
颧,2
霁,2
楟,2
袂,2
愍,2
懦,2
曙,2
咪,2
迩,2
氐,2
蕴,2
寥,2
琐,2
蝠,2
帜,2
菰,2
麾,2
皋,2
篡,2
醄,2
喙,2
漷,2
圞,2
嶝,2
肾,2
靼,2
欹,2
芜,2
贽,2
佥,2
萍,2
谴,2
蓦,2
蟋,2
屣,2
夙,2
犁,2
韶,2
畴,2
评,2
僝,2
玑,2
粽,2
抑,2
酊,2
醺,2
疸,2
迤,2
嶷,2
辜,2
亨,2
瘖,2
膘,2
哕,2
喑,2
霾,2
翛,2
赫,2
疗,2
菂,2
汾,2
獭,2
戎,2
沍,1
孛,1
皐,1
泞,1
徘,1
弁,1
驽,1
褐,1
駃,1
褭,1
啮,1
翥,1
辋,1
鲅,1
暧,1
蓁,1
宸,1
豁,1
菖,1
瑠,1
妩,1
焯,1
渤,1
枸,1
瘫,1
剽,1
舱,1
棣,1
瞰,1
龚,1
铳,1
阑,1
绾,1
镟,1
蛎,1
鑨,1
騔,1
捘,1
泓,1
斛,1
阃,1
窎,1
肓,1
徊,1
赜,1
汨,1
靡,1
幄,1
暄,1
予,1
拊,1
喁,1
踡,1
渚,1
铿,1
菑,1
绺,1
爰,1
耨,1
岑,1
橹,1
蜾,1
杞,1
韭,1
闾,1
泠,1
跎,1
唝,1
蛆,1
鞒,1
戊,1
诰,1
搕,1
壤,1
捷,1
膀,1
综,1
瞬,1
儾,1
騄,1
薤,1
蔗,1
苡,1
茏,1
愕,1
焕,1
沤,1
黠,1
嚓,1
殒,1
揫,1
炖,1
笆,1
铩,1
绎,1
蘩,1
麈,1
苞,1
赣,1
囒,1
搫,1
玨,1
涴,1
铣,1
冀,1
聘,1
签,1
蔑,1
圊,1
鞄,1
渠,1
鬅,1
邑,1
键,1
毬,1
坞,1
酗,1
倜,1
恬,1
蛏,1
槺,1
陲,1
斝,1
趾,1
恢,1
麓,1
蒯,1
鷫,1
楝,1
阮,1
樨,1
菠,1
砺,1
叛,1
鮆,1
枋,1
/,1
鲫,1
它,1
碛,1
裾,1
烤,1
戛,1
钏,1
啖,1
傀,1
逝,1
恻,1
癀,1
袒,1
鲻,1
徜,1
褡,1
蛱,1
癸,1
蜷,1
莴,1
羲,1
鹄,1
咶,1
警,1
榇,1
璋,1
绘,1
靸,1
硗,1
磐,1
郸,1
蠲,1
藩,1
骐,1
睍,1
偌,1
蟮,1
妁,1
隘,1
俄,1
阕,1
杻,1
俎,1
谲,1
鲙,1
褥,1
玠,1
憩,1
铇,1
薯,1
倐,1
樯,1
筝,1
擢,1
溲,1
纫,1
夤,1
鄂,1
琚,1
艎,1
鬏,1
埠,1
瘩,1
鬘,1
潦,1
埂,1
逾,1
僚,1
颉,1
匿,1
祚,1
巫,1
唎,1
鸽,1
漩,1
隋,1
揞,1
僭,1
溢,1
杈,1
莙,1
鹌,1
柑,1
蜋,1
萱,1
鹑,1
忐,1
阡,1
鸬,1
膭,1
蹻,1
拧,1
邸,1
臁,1
坫,1
柞,1
痫,1
炸,1
杭,1
凫,1
赆,1
熝,1
馑,1
炫,1
嘑,1
杉,1
羌,1
摔,1
汽,1
瞔,1
骄,1
壬,1
稔,1
皻,1
刎,1
茎,1
趷,1
荙,1
橦,1
赈,1
酝,1
锚,1
騊,1
篏,1
沓,1
讼,1
挹,1
摊,1
眭,1
倥,1
豇,1
{,1
丕,1
腼,1
赑,1
骥,1
砾,1
辂,1
邵,1
￥,1
勺,1
嗗,1
沃,1
籥,1
堰,1
薅,1
貅,1
甫,1
寮,1
刳,1
龛,1
鳏,1
弭,1
酾,1
诂,1
炙,1
谩,1
焙,1
跘,1
饫,1
磲,1
嫖,1
欧,1
尬,1
鲳,1
症,1
侠,1
J,1
昊,1
鄱,1
硕,1
鹗,1
瘼,1
＋,1
羑,1
騠,1
潘,1
簆,1
衽,1
,1
騕,1
箴,1
惮,1
旒,1
婪,1
澹,1
邂,1
汊,1
眩,1
癃,1
駼,1
辿,1
孺,1
菘,1
粲,1
兑,1
霉,1
鷃,1
憎,1
谊,1
袢,1
撬,1
恧,1
莉,1
滉,1
槟,1
姌,1
镵,1
,1
鳝,1
澳,1
诽,1
噘,1
饳,1
彭,1
贿,1
蹱,1
琮,1
憨,1
幛,1
曛,1
慰,1
儡,1
茆,1
芬,1
愉,1
缄,1
蝙,1
喋,1
唠,1
啾,1
鹁,1
囱,1
俫,1
鱨,1
冈,1
侈,1
麖,1
薏,1
瓴,1
凸,1
牸,1
邷,1
趟,1
蓄,1
鞦,1
浙,1
慷,1
删,1
帓,1
咧,1
栅,1
趫,1
霍,1
璞,1
荬,1
戕,1
蚯,1
珉,1
泫,1
铄,1
沛,1
痞,1
龈,1
杌,1
窘,1
苾,1
鲍,1
辐,1
逗,1
蕨,1
舵,1
碴,1
炁,1
獒,1
鹜,1
鹳,1
跼,1
抅,1
Z,1
啈,1
柩,1
港,1
圩,1
袛,1
逅,1
糰,1
桡,1
娩,1
確,1
炬,1
穑,1
琗,1
歉,1
筠,1
㳠,1
踘,1
猍,1
镂,1
籴,1
橐,1
豚,1
秇,1
谵,1
茴,1
祗,1
灸,1
熔,1
慵,1
迳,1
掤,1
煽,1
咚,1
镕,1
鹐,1
拟,1
邃,1
窊,1
吮,1
墟,1
猾,1
駬,1
翊,1
妲,1
羿,1
述,1
嘲,1
拇,1
慽,1
勅,1
龁,1
蹋,1
餪,1
窦,1
荇,1
妓,1
猁,1
咱,1
濛,1
蹴,1
颐,1
饲,1
悮,1
逭,1
闽,1
侪,1
鲆,1
乏,1
骠,1
雍,1
怛,1
互,1
菽,1
译,1
冽,1
蜚,1
诨,1
瘢,1
蹑,1
瞽,1
狎,1
荽,1
汛,1
矧,1
傥,1
矫,1
筇,1
辏,1
喔,1
盞,1
币,1
跣,1
呱,1
夬,1
琳,1
忑,1
浍,1
鲂,1
蹶,1
讵,1
殁,1
馉,1
骞,1
褛,1
薰,1
蹍,1
腋,1
淇,1
旭,1
枓,1
阒,1
毋,1
嵎,1
渣,1
嵩,1
莹,1
俪,1
欤,1
,1
蘛,1
螭,1
焜,1
俨,1
嫣,1
膨,1
晰,1
罾,1
庾,1
杪,1
佃,1
臼,1
泌,1
讪,1
鳠,1
鹥,1
吧,1
冯,1
芫,1
雹,1
衍,1
宏,1
柘,1
阜,1
抒,1
毧,1
洛,1
距,1
盅,1
